id,asset_tag,asset_name,category,brand,model,serial_number,purchase_date,warranty_expiry,location,status,qr_code,image_url,warranty_document,department_id,created_at,updated_at,assigned_employee,department,warranty_url,qr_code_url
0243c0f1-fb25-466a-ba72-8f7b33de55f2,AST001,Dell Latitude 5520,Laptop,Dell,Latitude 5520,DL001,2025-01-10,2028-01-10,IT Office,Assigned,,,,018d1cc4-9421-4367-9050-b1ec116e6949,2026-07-29T17:58:55.135947+00:00,2026-07-29T17:58:55.135947+00:00,9f732257-0abd-4d80-a416-4c7becd75d62,,,
f5bd2a04-85ec-476b-9998-1b8faf3bbbcf,AST002,HP EliteBook 840,Laptop,HP,EliteBook 840,HP001,2025-02-01,2028-02-01,Finance Office,Available,,,,580db817-43dc-4afd-9f58-df4790f6ff5b,2026-07-29T17:58:55.135947+00:00,2026-07-29T17:58:55.135947+00:00,,,,
fd08d476-7355-4d40-94c6-f3342d3cc8ff,AST003,Lenovo ThinkPad E15,Laptop,Lenovo,ThinkPad E15,LEN001,2025-03-05,2028-03-05,HR Office,Assigned,,,,b56e5971-5933-4d91-b1df-7deb9d0220c0,2026-07-29T17:58:55.135947+00:00,2026-07-29T17:58:55.135947+00:00,9f732257-0abd-4d80-a416-4c7becd75d62,,,
aa10493b-17fc-4dfd-a63f-058d8bea5c46,AST004,Dell OptiPlex 7010,Desktop,Dell,OptiPlex 7010,DOP001,2024-09-01,2027-09-01,Reception,Available,,,,018d1cc4-9421-4367-9050-b1ec116e6949,2026-07-29T17:58:55.135947+00:00,2026-07-29T17:58:55.135947+00:00,,,,
c8aae0f0-ca34-4bc8-a46f-ea1a7b224da8,AST005,HP LaserJet M404,Printer,HP,LaserJet M404,PR001,2024-06-15,2027-06-15,Finance,Maintenance,,,,580db817-43dc-4afd-9f58-df4790f6ff5b,2026-07-29T17:58:55.135947+00:00,2026-07-29T17:58:55.135947+00:00,,,,
3487c0d2-906f-47d4-b5ca-6c58b29987df,AST006,Cisco Router 2911,Networking,Cisco,2911,CS001,2023-03-11,2028-03-11,Server Room,Available,,,,018d1cc4-9421-4367-9050-b1ec116e6949,2026-07-29T17:58:55.135947+00:00,2026-07-29T17:58:55.135947+00:00,,,,
56a84f30-a214-4781-8e1b-b988540e5259,AST007,"Dell Monitor 24",Monitor,Dell,P2422H,MON001,2025-01-02,2028-01-02,HR Office,Assigned,,,,b56e5971-5933-4d91-b1df-7deb9d0220c0,2026-07-29T17:58:55.135947+00:00,2026-07-29T17:58:55.135947+00:00,9f732257-0abd-4d80-a416-4c7becd75d62,,,
c0d519a5-6a6b-4d49-becf-b6f8756690f2,AST008,Logitech Keyboard,Peripheral,Logitech,K120,KB001,2025-01-05,2028-01-05,IT Office,Available,,,,018d1cc4-9421-4367-9050-b1ec116e6949,2026-07-29T17:58:55.135947+00:00,2026-07-29T17:58:55.135947+00:00,,,,
ec763bdd-f4b0-4315-b00b-daa23b81426e,AST009,Logitech Mouse,Peripheral,Logitech,M185,MS001,2025-01-05,2028-01-05,IT Office,Available,,,,018d1cc4-9421-4367-9050-b1ec116e6949,2026-07-29T17:58:55.135947+00:00,2026-07-29T17:58:55.135947+00:00,,,,
23bccb8d-847b-4d21-a8ed-db0a1d274015,AST010,Samsung SSD 1TB,Storage,Samsung,870 EVO,SSD001,2025-01-15,2030-01-15,IT Office,Available,,,,018d1cc4-9421-4367-9050-b1ec116e6949,2026-07-29T17:58:55.135947+00:00,2026-07-29T17:58:55.135947+00:00,,,,
